model,selected,term,kind,coef_log1p,multiplier_on_1p_fee,train_mean,train_sd,constant
linear,True,goals,num,0.1253368411559967,1.1335302083935164,4.304166666666666,7.154484559040962,False
linear,True,assists,num,0.04990564674672829,1.051171910207353,2.9833333333333334,4.242607950567931,False
linear,True,minutes,num,0.7711674132830677,2.1622890658935696,2533.4625,1893.4471360265338,False
linear,True,appearances,num,-0.330252095416695,0.7187425188964114,35.3125,22.03364496438723,False
linear,True,goals_per90,num,0.13018285776292438,1.1390366459757924,0.13394129325023793,0.16615509697480385,False
linear,True,assists_per90,num,0.061977721727499095,1.0639386417490189,0.10644421620787463,0.13346514563108663,False
linear,True,age,num,-0.44179529004987805,0.642881226169851,25.958333333333332,3.3232660474632816,False
linear,True,position_DF,cat,-0.0792541911062895,0.9238050715644578,,,
linear,True,position_FW,cat,0.0769557157594618,1.0799942486085143,,,
linear,True,position_GK,cat,-0.105500697153856,0.8998738454960434,,,
linear,True,position_MF,cat,0.10779917250068426,1.1138240364278504,,,
linear,True,(intercept),intercept,16.121848508862588,10037599.086929362,,,
ridge(alpha=0.1),False,goals,num,0.1256771541743047,1.1339160291262635,4.304166666666666,7.154484559040962,False
ridge(alpha=0.1),False,assists,num,0.050101324777550346,1.0513776215827397,2.9833333333333334,4.242607950567931,False
ridge(alpha=0.1),False,minutes,num,0.7665641708440767,2.1523583992688735,2533.4625,1893.4471360265338,False
ridge(alpha=0.1),False,appearances,num,-0.32592861774978377,0.7218567133492085,35.3125,22.03364496438723,False
ridge(alpha=0.1),False,goals_per90,num,0.12974699257556677,1.1385402877351838,0.13394129325023793,0.16615509697480385,False
ridge(alpha=0.1),False,assists_per90,num,0.06186500146397516,1.0638187210638201,0.10644421620787463,0.13346514563108663,False
ridge(alpha=0.1),False,age,num,-0.441656753530354,0.6429702948668831,25.958333333333332,3.3232660474632816,False
ridge(alpha=0.1),False,position_DF,cat,-0.07880158705953146,0.9242232841134702,,,
ridge(alpha=0.1),False,position_FW,cat,0.07592000268415164,1.078876263499807,,,
ridge(alpha=0.1),False,position_GK,cat,-0.10433956748560995,0.9009193225654877,,,
ridge(alpha=0.1),False,position_MF,cat,0.10722115186089577,1.11318040917854,,,
ridge(alpha=0.1),False,(intercept),intercept,16.122204103676676,10041169.03980132,,,
"elastic_net(alpha=0.1, l1_ratio=0.15)",False,goals,num,0.1423198453046124,1.1529453537274141,4.304166666666666,7.154484559040962,False
"elastic_net(alpha=0.1, l1_ratio=0.15)",False,assists,num,0.0963404697693501,1.1011339029856586,2.9833333333333334,4.242607950567931,False
"elastic_net(alpha=0.1, l1_ratio=0.15)",False,minutes,num,0.2943024225381611,1.3421897507263376,2533.4625,1893.4471360265338,False
"elastic_net(alpha=0.1, l1_ratio=0.15)",False,appearances,num,0.07932083133181382,1.082551582827346,35.3125,22.03364496438723,False
"elastic_net(alpha=0.1, l1_ratio=0.15)",False,goals_per90,num,0.07440242518419672,1.0772402268772563,0.13394129325023793,0.16615509697480385,False
"elastic_net(alpha=0.1, l1_ratio=0.15)",False,assists_per90,num,0.03457667549852114,1.035181398382989,0.10644421620787463,0.13346514563108663,False
"elastic_net(alpha=0.1, l1_ratio=0.15)",False,age,num,-0.38088577855611805,0.6832559276416033,25.958333333333332,3.3232660474632816,False
"elastic_net(alpha=0.1, l1_ratio=0.15)",False,position_DF,cat,-0.0,1.0,,,
"elastic_net(alpha=0.1, l1_ratio=0.15)",False,position_FW,cat,0.0,1.0,,,
"elastic_net(alpha=0.1, l1_ratio=0.15)",False,position_GK,cat,-0.0,1.0,,,
"elastic_net(alpha=0.1, l1_ratio=0.15)",False,position_MF,cat,0.00879455912141359,1.0088333448743043,,,
"elastic_net(alpha=0.1, l1_ratio=0.15)",False,(intercept),intercept,16.150595647659458,10330338.897361362,,,
